{"stats":{"minecraft:custom":{"minecraft:time_since_rest":15086,"minecraft:damage_absorbed":80,"minecraft:sprint_one_cm":43670,"minecraft:damage_taken":576,"minecraft:walk_one_cm":35935,"minecraft:mob_kills":14,"minecraft:drop":3,"tombstone:raider_killed":1,"minecraft:damage_dealt":8990,"tombstone:cast_on_ally":0,"minecraft:swim_one_cm":3265,"minecraft:fly_one_cm":921564,"minecraft:open_barrel":1,"minecraft:open_chest":10,"minecraft:crouch_one_cm":1520,"minecraft:play_time":40030,"tombstone:undead_killed":4,"minecraft:deaths":1,"minecraft:sneak_time":3069,"minecraft:walk_under_water_one_cm":7045,"minecraft:aviate_one_cm":879548,"minecraft:jump":338,"minecraft:damage_dealt_resisted":32,"minecraft:eat_cake_slice":2,"minecraft:walk_on_water_one_cm":3829,"minecraft:time_since_death":16772,"minecraft:sleep_in_bed":1,"minecraft:climb_one_cm":2614,"minecraft:total_world_time":40030,"minecraft:fall_one_cm":9436},"minecraft:dropped":{"minecraft:candle":1,"minecraft:mangrove_propagule":1,"minecraft:rotten_flesh":1},"minecraft:killed":{"naturalist:elephant":2,"minecraft:husk":1,"minecraft:zombie":3,"alexsmobs:elephant":2,"born_in_chaos_v1:dread_hound":1,"minecraft:witch":1,"mowziesmobs:umvuthi":1,"minecraft:spider":1,"mowziesmobs:umvuthana":1,"artifacts:mimic":1},"minecraft:killed_by":{"minecraft:zombie":1},"minecraft:mined":{"minecraft:mangrove_propagule":1},"minecraft:picked_up":{"artifacts:obsidian_skull":1,"mowziesmobs:sol_visage":1,"minecraft:bundle":1,"minecraft:rotten_flesh":6,"minecraft:candle":1,"mowziesmobs:umvuthana_mask_bliss":1,"minecraft:mangrove_propagule":1},"minecraft:used":{"born_in_chaos_v1:supreme_measure":10,"minecraft:netherite_sword":38,"minecraft:firework_rocket":17,"deeperdarker:soul_elytra":1,"mowziesmobs:sol_visage":1,"minecraft:golden_apple":6,"mowziesmobs:umvuthana_mask_bliss":1,"tombstone:scroll_of_feather_fall":1,"tombstone:gift":2}},"DataVersion":3465}