{"stats":{"minecraft:custom":{"minecraft:time_since_rest":9952,"minecraft:damage_absorbed":80,"minecraft:sprint_one_cm":47065,"minecraft:damage_taken":932,"minecraft:walk_one_cm":42718,"minecraft:mob_kills":15,"minecraft:drop":4,"tombstone:raider_killed":1,"minecraft:damage_dealt":11491,"tombstone:cast_on_ally":0,"minecraft:swim_one_cm":3265,"minecraft:fly_one_cm":932013,"minecraft:open_barrel":1,"minecraft:open_chest":10,"minecraft:crouch_one_cm":1520,"minecraft:play_time":52030,"tombstone:undead_killed":4,"minecraft:deaths":2,"minecraft:sneak_time":3079,"minecraft:walk_under_water_one_cm":7045,"minecraft:aviate_one_cm":1743550,"minecraft:jump":389,"minecraft:damage_dealt_resisted":32,"minecraft:eat_cake_slice":2,"minecraft:walk_on_water_one_cm":3829,"minecraft:time_since_death":10484,"minecraft:sleep_in_bed":1,"minecraft:climb_one_cm":2668,"minecraft:total_world_time":52030,"minecraft:fall_one_cm":10751},"minecraft:dropped":{"minecraft:candle":1,"minecraft:mangrove_propagule":1,"tombstone:grave_dust":1,"minecraft:rotten_flesh":1},"minecraft:killed":{"naturalist:elephant":2,"minecraft:husk":1,"minecraft:zombie":3,"iceandfire:fire_dragon":1,"alexsmobs:elephant":2,"born_in_chaos_v1:dread_hound":1,"minecraft:witch":1,"mowziesmobs:umvuthi":1,"minecraft:spider":1,"mowziesmobs:umvuthana":1,"artifacts:mimic":1},"minecraft:killed_by":{"minecraft:zombie":1,"iceandfire:fire_dragon":1},"minecraft:mined":{"minecraft:mangrove_propagule":1},"minecraft:picked_up":{"artifacts:obsidian_skull":1,"mowziesmobs:sol_visage":1,"minecraft:bundle":1,"minecraft:rotten_flesh":6,"minecraft:candle":1,"mowziesmobs:umvuthana_mask_bliss":1,"minecraft:mangrove_propagule":1},"minecraft:used":{"born_in_chaos_v1:supreme_measure":11,"minecraft:netherite_sword":38,"minecraft:firework_rocket":37,"tombstone:grave_key":1,"deeperdarker:soul_elytra":1,"mowziesmobs:sol_visage":1,"minecraft:golden_apple":6,"mowziesmobs:umvuthana_mask_bliss":1,"tombstone:scroll_of_feather_fall":1,"tombstone:gift":3}},"DataVersion":3465}