{"stats":{"minecraft:custom":{"minecraft:jump":144,"minecraft:time_since_rest":4030,"minecraft:crouch_one_cm":162,"minecraft:walk_on_water_one_cm":738,"minecraft:sprint_one_cm":21202,"minecraft:play_time":4030,"minecraft:damage_taken":120,"minecraft:time_since_death":4030,"minecraft:walk_one_cm":4785,"minecraft:sneak_time":80,"minecraft:climb_one_cm":892,"minecraft:total_world_time":4030,"minecraft:walk_under_water_one_cm":155,"minecraft:drop":1,"minecraft:swim_one_cm":2596,"minecraft:fall_one_cm":7549,"minecraft:fly_one_cm":29787},"minecraft:dropped":{"minecraft:mangrove_propagule":1},"minecraft:mined":{"minecraft:mangrove_propagule":1},"minecraft:picked_up":{"minecraft:mangrove_propagule":1}},"DataVersion":3465}