{"stats":{"minecraft:custom":{"minecraft:open_barrel":1,"minecraft:time_since_rest":16030,"minecraft:open_chest":2,"tombstone:undead_killed":2,"minecraft:crouch_one_cm":500,"minecraft:walk_one_cm":19718,"minecraft:play_time":16030,"minecraft:sprint_one_cm":38954,"minecraft:damage_taken":350,"minecraft:damage_absorbed":80,"minecraft:sneak_time":1083,"minecraft:walk_under_water_one_cm":5865,"minecraft:mob_kills":4,"minecraft:drop":1,"minecraft:damage_dealt_resisted":32,"minecraft:jump":274,"minecraft:damage_dealt":3579,"tombstone:cast_on_ally":0,"minecraft:time_since_death":16030,"minecraft:walk_on_water_one_cm":3642,"minecraft:total_world_time":16030,"minecraft:climb_one_cm":892,"minecraft:swim_one_cm":3265,"minecraft:fall_one_cm":9227,"minecraft:fly_one_cm":380224},"minecraft:dropped":{"minecraft:mangrove_propagule":1},"minecraft:killed":{"mowziesmobs:umvuthi":1,"minecraft:zombie":2,"mowziesmobs:umvuthana":1},"minecraft:mined":{"minecraft:mangrove_propagule":1},"minecraft:picked_up":{"minecraft:bundle":1,"minecraft:rotten_flesh":3,"mowziesmobs:sol_visage":1,"mowziesmobs:umvuthana_mask_bliss":1,"minecraft:mangrove_propagule":1},"minecraft:used":{"minecraft:netherite_sword":38,"minecraft:golden_apple":6,"mowziesmobs:umvuthana_mask_bliss":1,"tombstone:scroll_of_feather_fall":1,"mowziesmobs:sol_visage":1}},"DataVersion":3465}