{
  "iceandfire:iceandfire/root": {
    "criteria": {
      "tick": "2024-09-07 00:45:04 +0000"
    },
    "done": true
  },
  "mutantmonsters:root": {
    "criteria": {
      "killed_something": "2024-09-07 00:55:06 +0000"
    },
    "done": true
  },
  "artifacts:chest_slayer": {
    "criteria": {
      "kill_mimic": "2024-09-07 01:04:02 +0000"
    },
    "done": true
  },
  "takesapillage:root": {
    "criteria": {
      "always": "2024-09-07 00:45:04 +0000"
    },
    "done": true
  },
  "incendium:technical/scroll_of_returning": {
    "criteria": {
      "log_spam_fixer": "2024-09-07 00:45:05 +0000"
    },
    "done": false
  },
  "explorerscompass:explorers_compass_cracked_stone_bricks": {
    "criteria": {
      "has_recipe": "2024-09-07 00:45:04 +0000"
    },
    "done": true
  },
  "incendium:technical/using/ragnarok": {
    "criteria": {
      "log_spam_fixer": "2024-09-07 00:45:05 +0000"
    },
    "done": false
  },
  "dungeons_arise:wda_root": {
    "criteria": {
      "WDA": "2024-09-07 00:45:04 +0000"
    },
    "done": true
  },
  "tombstone:adventure/ambush": {
    "criteria": {
      "coded_trigger": "2024-09-07 01:00:00 +0000"
    },
    "done": true
  },
  "undead_revamp2:theundeadchallenges": {
    "criteria": {
      "theundeadchallenges": "2024-09-07 00:45:04 +0000"
    },
    "done": true
  },
  "tombstone:recipes/from_grave_key": {
    "criteria": {
      "has_ingredient": "2024-09-07 01:04:27 +0000"
    },
    "done": true
  },
  "tombstone:adventure/first_grave": {
    "criteria": {
      "coded_trigger": "2024-09-07 01:04:26 +0000"
    },
    "done": true
  },
  "betterdeserttemples:temple_entry": {
    "criteria": {
      "in_better_desert_temple": "2024-09-07 00:45:48 +0000"
    },
    "done": true
  },
  "dungeons_arise:find_bathhouse": {
    "criteria": {
      "location0": "2024-09-07 00:53:21 +0000"
    },
    "done": true
  },
  "friendsandfoes:misc/yellow_dye_from_buttercup": {
    "criteria": {
      "has_the_recipe": "2024-09-07 00:45:04 +0000"
    },
    "done": true
  },
  "tombstone:adventure/combine_in_inventory": {
    "criteria": {
      "coded_trigger": "2024-09-07 01:20:08 +0000"
    },
    "done": true
  },
  "naturescompass:natures_compass_log": {
    "criteria": {
      "has_recipe": "2024-09-07 00:45:04 +0000"
    },
    "done": true
  },
  "betterdungeons:zombie_dungeon": {
    "criteria": {
      "in_better_zombie_dungeon": "2024-09-07 01:11:06 +0000"
    },
    "done": true
  },
  "tombstone:adventure/choose_knowledge": {
    "criteria": {
      "coded_trigger": "2024-09-07 01:02:41 +0000"
    },
    "done": true
  },
  "naturescompass:natures_compass": {
    "criteria": {
      "has_recipe": "2024-09-07 00:45:04 +0000"
    },
    "done": true
  },
  "minecraft:end/elytra": {
    "criteria": {
      "elytra": "2024-09-07 01:15:16 +0000"
    },
    "done": true
  },
  "betterdungeons:all_dungeons": {
    "criteria": {
      "in_better_zombie_dungeon": "2024-09-07 01:11:06 +0000",
      "in_better_monster_room": "2024-09-07 01:03:03 +0000",
      "in_better_spider_dungeon": "2024-09-07 01:09:40 +0000",
      "in_better_skeleton_dungeon": "2024-09-07 00:51:27 +0000"
    },
    "done": true
  },
  "naturescompass:natures_compass_sapling": {
    "criteria": {
      "has_recipe": "2024-09-07 00:45:04 +0000"
    },
    "done": true
  },
  "incendium:technical/using/trailblazer": {
    "criteria": {
      "log_spam_fixer": "2024-09-07 00:45:05 +0000"
    },
    "done": false
  },
  "betterdeserttemples:temple_clear": {
    "criteria": {
      "pharaoh_killed": "2024-09-07 01:01:32 +0000"
    },
    "done": true
  },
  "minecraft:adventure/sleep_in_bed": {
    "criteria": {
      "slept_in_bed": "2024-09-07 01:02:35 +0000"
    },
    "done": true
  },
  "dungeons_arise:find_shiraz_palace": {
    "criteria": {
      "location0": "2024-09-07 00:46:15 +0000"
    },
    "done": true
  },
  "alexscaves:alexscaves/root": {
    "criteria": {
      "underground_cabin": "2024-09-07 00:50:04 +0000"
    },
    "done": true
  },
  "minecraft:adventure/root": {
    "criteria": {
      "killed_something": "2024-09-07 00:55:06 +0000"
    },
    "done": true
  },
  "minecraft:adventure/kill_all_mobs": {
    "criteria": {
      "minecraft:spider": "2024-09-07 00:59:50 +0000",
      "minecraft:witch": "2024-09-07 01:00:00 +0000",
      "minecraft:husk": "2024-09-07 01:01:32 +0000",
      "minecraft:zombie": "2024-09-07 00:58:03 +0000"
    },
    "done": false
  },
  "dungeons_arise:find_fishing_hut": {
    "criteria": {
      "location0": "2024-09-07 01:05:49 +0000"
    },
    "done": true
  },
  "mowziesmobs:root": {
    "criteria": {
      "custom_test_name": "2024-09-07 00:45:04 +0000"
    },
    "done": true
  },
  "betterdungeons:skeleton_dungeon": {
    "criteria": {
      "in_better_skeleton_dungeon": "2024-09-07 00:51:27 +0000"
    },
    "done": true
  },
  "tombstone:adventure/teleport_to_grave": {
    "criteria": {
      "coded_trigger": "2024-09-07 01:20:13 +0000"
    },
    "done": true
  },
  "betterdungeons:small_dungeon": {
    "criteria": {
      "in_better_monster_room": "2024-09-07 01:03:03 +0000"
    },
    "done": true
  },
  "artifacts:amateur_archaeologist": {
    "criteria": {
      "find_artifact": "2024-09-07 01:04:03 +0000"
    },
    "done": true
  },
  "betterdungeons:root": {
    "criteria": {
      "always": "2024-09-07 00:45:04 +0000"
    },
    "done": true
  },
  "minecraft:adventure/kill_a_mob": {
    "criteria": {
      "minecraft:zombie": "2024-09-07 00:58:03 +0000"
    },
    "done": true
  },
  "tombstone:recipes/from_grave_dust": {
    "criteria": {
      "has_ingredient": "2024-09-07 01:05:53 +0000"
    },
    "done": true
  },
  "minecraft:adventure/adventuring_time": {
    "criteria": {
      "minecraft:deep_ocean": "2024-09-07 01:15:59 +0000",
      "minecraft:sunflower_plains": "2024-09-07 01:19:12 +0000",
      "minecraft:savanna_plateau": "2024-09-07 01:18:36 +0000",
      "minecraft:beach": "2024-09-07 00:57:49 +0000",
      "minecraft:stony_peaks": "2024-09-07 01:18:55 +0000",
      "minecraft:mangrove_swamp": "2024-09-07 00:46:43 +0000",
      "minecraft:sparse_jungle": "2024-09-07 01:07:49 +0000",
      "minecraft:lukewarm_ocean": "2024-09-07 00:58:33 +0000",
      "minecraft:river": "2024-09-07 00:47:29 +0000",
      "minecraft:stony_shore": "2024-09-07 01:22:14 +0000",
      "minecraft:dripstone_caves": "2024-09-07 01:03:54 +0000",
      "minecraft:swamp": "2024-09-07 01:08:18 +0000",
      "minecraft:forest": "2024-09-07 01:20:34 +0000",
      "minecraft:desert": "2024-09-07 00:45:05 +0000",
      "minecraft:jungle": "2024-09-07 01:20:49 +0000",
      "minecraft:ocean": "2024-09-07 01:16:02 +0000",
      "minecraft:deep_lukewarm_ocean": "2024-09-07 01:15:04 +0000",
      "minecraft:flower_forest": "2024-09-07 01:10:44 +0000",
      "minecraft:old_growth_birch_forest": "2024-09-07 01:08:16 +0000",
      "minecraft:meadow": "2024-09-07 01:19:25 +0000",
      "minecraft:savanna": "2024-09-07 00:48:36 +0000",
      "minecraft:plains": "2024-09-07 01:17:12 +0000"
    },
    "done": false
  },
  "placeablesmod:placeables": {
    "criteria": {
      "placeables": "2024-09-07 00:45:04 +0000"
    },
    "done": true
  },
  "mowziesmobs:kill_umvuthi": {
    "criteria": {
      "barako": "2024-09-07 00:56:36 +0000"
    },
    "done": true
  },
  "explorerscompass:explorers_compass_cobweb": {
    "criteria": {
      "has_recipe": "2024-09-07 00:45:04 +0000"
    },
    "done": true
  },
  "eeeabsmobs:eeeabsmobs/root": {
    "criteria": {
      "requirement": "2024-09-07 00:45:04 +0000"
    },
    "done": true
  },
  "tombstone:adventure/cancel_ghostly_shape": {
    "criteria": {
      "coded_trigger": "2024-09-07 01:05:51 +0000"
    },
    "done": true
  },
  "alexscaves:alexscaves/cave_tablet": {
    "criteria": {
      "cave_tablet": "2024-09-07 00:50:07 +0000"
    },
    "done": true
  },
  "minecraft:husbandry/balanced_diet": {
    "criteria": {
      "golden_apple": "2024-09-07 00:48:30 +0000"
    },
    "done": false
  },
  "iceandfire:iceandfire/kill_if_dragon": {
    "criteria": {
      "killed_fire_dragon": "2024-09-07 01:23:50 +0000"
    },
    "done": true
  },
  "incendium:technical/using/shield": {
    "criteria": {
      "log_spam_fixer": "2024-09-07 00:45:05 +0000"
    },
    "done": false
  },
  "tombstone:adventure/create_magic_scroll": {
    "criteria": {
      "has_magic_scroll": "2024-09-07 00:52:07 +0000"
    },
    "done": true
  },
  "minecraft:husbandry/root": {
    "criteria": {
      "consumed_item": "2024-09-07 00:48:30 +0000"
    },
    "done": true
  },
  "tombstone:adventure/enchant_grave_key": {
    "criteria": {
      "has_upgraded_grave_key": "2024-09-07 01:20:08 +0000"
    },
    "done": true
  },
  "betterdeserttemples:root": {
    "criteria": {
      "always": "2024-09-07 00:45:04 +0000"
    },
    "done": true
  },
  "tombstone:adventure/first_knowledge": {
    "criteria": {
      "coded_trigger": "2024-09-07 00:52:14 +0000"
    },
    "done": true
  },
  "betterdungeons:spider_dungeon": {
    "criteria": {
      "in_better_spider_dungeon": "2024-09-07 01:09:40 +0000"
    },
    "done": true
  },
  "tombstone:adventure/root": {
    "criteria": {
      "auto": "2024-09-07 00:45:05 +0000"
    },
    "done": true
  },
  "cataclysm:root": {
    "criteria": {
      "custom_test_name": "2024-09-07 00:45:04 +0000"
    },
    "done": true
  },
  "incendium:technical/new_player": {
    "criteria": {
      "requirement": "2024-09-07 00:45:04 +0000"
    },
    "done": true
  },
  "explorerscompass:explorers_compass": {
    "criteria": {
      "has_recipe": "2024-09-07 00:45:04 +0000"
    },
    "done": true
  },
  "tombstone:adventure/use_feather_fall": {
    "criteria": {
      "has_magic_scroll": "2024-09-07 00:52:14 +0000"
    },
    "done": true
  },
  "DataVersion": 3465
}