{
  "iceandfire:iceandfire/root": {
    "criteria": {
      "tick": "2024-09-07 00:45:04 +0000"
    },
    "done": true
  },
  "takesapillage:root": {
    "criteria": {
      "always": "2024-09-07 00:45:04 +0000"
    },
    "done": true
  },
  "incendium:technical/scroll_of_returning": {
    "criteria": {
      "log_spam_fixer": "2024-09-07 00:45:05 +0000"
    },
    "done": false
  },
  "explorerscompass:explorers_compass_cracked_stone_bricks": {
    "criteria": {
      "has_recipe": "2024-09-07 00:45:04 +0000"
    },
    "done": true
  },
  "incendium:technical/using/ragnarok": {
    "criteria": {
      "log_spam_fixer": "2024-09-07 00:45:05 +0000"
    },
    "done": false
  },
  "dungeons_arise:wda_root": {
    "criteria": {
      "WDA": "2024-09-07 00:45:04 +0000"
    },
    "done": true
  },
  "undead_revamp2:theundeadchallenges": {
    "criteria": {
      "theundeadchallenges": "2024-09-07 00:45:04 +0000"
    },
    "done": true
  },
  "betterdeserttemples:temple_entry": {
    "criteria": {
      "in_better_desert_temple": "2024-09-07 00:45:48 +0000"
    },
    "done": true
  },
  "friendsandfoes:misc/yellow_dye_from_buttercup": {
    "criteria": {
      "has_the_recipe": "2024-09-07 00:45:04 +0000"
    },
    "done": true
  },
  "naturescompass:natures_compass_log": {
    "criteria": {
      "has_recipe": "2024-09-07 00:45:04 +0000"
    },
    "done": true
  },
  "naturescompass:natures_compass": {
    "criteria": {
      "has_recipe": "2024-09-07 00:45:04 +0000"
    },
    "done": true
  },
  "naturescompass:natures_compass_sapling": {
    "criteria": {
      "has_recipe": "2024-09-07 00:45:04 +0000"
    },
    "done": true
  },
  "incendium:technical/using/trailblazer": {
    "criteria": {
      "log_spam_fixer": "2024-09-07 00:45:05 +0000"
    },
    "done": false
  },
  "dungeons_arise:find_shiraz_palace": {
    "criteria": {
      "location0": "2024-09-07 00:46:15 +0000"
    },
    "done": true
  },
  "mowziesmobs:root": {
    "criteria": {
      "custom_test_name": "2024-09-07 00:45:04 +0000"
    },
    "done": true
  },
  "betterdungeons:root": {
    "criteria": {
      "always": "2024-09-07 00:45:04 +0000"
    },
    "done": true
  },
  "minecraft:adventure/adventuring_time": {
    "criteria": {
      "minecraft:mangrove_swamp": "2024-09-07 00:46:43 +0000",
      "minecraft:river": "2024-09-07 00:47:29 +0000",
      "minecraft:desert": "2024-09-07 00:45:05 +0000"
    },
    "done": false
  },
  "placeablesmod:placeables": {
    "criteria": {
      "placeables": "2024-09-07 00:45:04 +0000"
    },
    "done": true
  },
  "explorerscompass:explorers_compass_cobweb": {
    "criteria": {
      "has_recipe": "2024-09-07 00:45:04 +0000"
    },
    "done": true
  },
  "eeeabsmobs:eeeabsmobs/root": {
    "criteria": {
      "requirement": "2024-09-07 00:45:04 +0000"
    },
    "done": true
  },
  "incendium:technical/using/shield": {
    "criteria": {
      "log_spam_fixer": "2024-09-07 00:45:05 +0000"
    },
    "done": false
  },
  "betterdeserttemples:root": {
    "criteria": {
      "always": "2024-09-07 00:45:04 +0000"
    },
    "done": true
  },
  "tombstone:adventure/root": {
    "criteria": {
      "auto": "2024-09-07 00:45:05 +0000"
    },
    "done": true
  },
  "cataclysm:root": {
    "criteria": {
      "custom_test_name": "2024-09-07 00:45:04 +0000"
    },
    "done": true
  },
  "incendium:technical/new_player": {
    "criteria": {
      "requirement": "2024-09-07 00:45:04 +0000"
    },
    "done": true
  },
  "explorerscompass:explorers_compass": {
    "criteria": {
      "has_recipe": "2024-09-07 00:45:04 +0000"
    },
    "done": true
  },
  "DataVersion": 3465
}