{
  "iceandfire:iceandfire/root": {
    "criteria": {
      "tick": "2024-09-07 00:45:04 +0000"
    },
    "done": true
  },
  "mutantmonsters:root": {
    "criteria": {
      "killed_something": "2024-09-07 00:55:06 +0000"
    },
    "done": true
  },
  "takesapillage:root": {
    "criteria": {
      "always": "2024-09-07 00:45:04 +0000"
    },
    "done": true
  },
  "incendium:technical/scroll_of_returning": {
    "criteria": {
      "log_spam_fixer": "2024-09-07 00:45:05 +0000"
    },
    "done": false
  },
  "explorerscompass:explorers_compass_cracked_stone_bricks": {
    "criteria": {
      "has_recipe": "2024-09-07 00:45:04 +0000"
    },
    "done": true
  },
  "incendium:technical/using/ragnarok": {
    "criteria": {
      "log_spam_fixer": "2024-09-07 00:45:05 +0000"
    },
    "done": false
  },
  "dungeons_arise:wda_root": {
    "criteria": {
      "WDA": "2024-09-07 00:45:04 +0000"
    },
    "done": true
  },
  "undead_revamp2:theundeadchallenges": {
    "criteria": {
      "theundeadchallenges": "2024-09-07 00:45:04 +0000"
    },
    "done": true
  },
  "betterdeserttemples:temple_entry": {
    "criteria": {
      "in_better_desert_temple": "2024-09-07 00:45:48 +0000"
    },
    "done": true
  },
  "dungeons_arise:find_bathhouse": {
    "criteria": {
      "location0": "2024-09-07 00:53:21 +0000"
    },
    "done": true
  },
  "friendsandfoes:misc/yellow_dye_from_buttercup": {
    "criteria": {
      "has_the_recipe": "2024-09-07 00:45:04 +0000"
    },
    "done": true
  },
  "naturescompass:natures_compass_log": {
    "criteria": {
      "has_recipe": "2024-09-07 00:45:04 +0000"
    },
    "done": true
  },
  "naturescompass:natures_compass": {
    "criteria": {
      "has_recipe": "2024-09-07 00:45:04 +0000"
    },
    "done": true
  },
  "betterdungeons:all_dungeons": {
    "criteria": {
      "in_better_skeleton_dungeon": "2024-09-07 00:51:27 +0000"
    },
    "done": false
  },
  "naturescompass:natures_compass_sapling": {
    "criteria": {
      "has_recipe": "2024-09-07 00:45:04 +0000"
    },
    "done": true
  },
  "incendium:technical/using/trailblazer": {
    "criteria": {
      "log_spam_fixer": "2024-09-07 00:45:05 +0000"
    },
    "done": false
  },
  "dungeons_arise:find_shiraz_palace": {
    "criteria": {
      "location0": "2024-09-07 00:46:15 +0000"
    },
    "done": true
  },
  "alexscaves:alexscaves/root": {
    "criteria": {
      "underground_cabin": "2024-09-07 00:50:04 +0000"
    },
    "done": true
  },
  "minecraft:adventure/root": {
    "criteria": {
      "killed_something": "2024-09-07 00:55:06 +0000"
    },
    "done": true
  },
  "minecraft:adventure/kill_all_mobs": {
    "criteria": {
      "minecraft:zombie": "2024-09-07 00:58:03 +0000"
    },
    "done": false
  },
  "mowziesmobs:root": {
    "criteria": {
      "custom_test_name": "2024-09-07 00:45:04 +0000"
    },
    "done": true
  },
  "betterdungeons:skeleton_dungeon": {
    "criteria": {
      "in_better_skeleton_dungeon": "2024-09-07 00:51:27 +0000"
    },
    "done": true
  },
  "betterdungeons:root": {
    "criteria": {
      "always": "2024-09-07 00:45:04 +0000"
    },
    "done": true
  },
  "minecraft:adventure/kill_a_mob": {
    "criteria": {
      "minecraft:zombie": "2024-09-07 00:58:03 +0000"
    },
    "done": true
  },
  "minecraft:adventure/adventuring_time": {
    "criteria": {
      "minecraft:beach": "2024-09-07 00:57:49 +0000",
      "minecraft:mangrove_swamp": "2024-09-07 00:46:43 +0000",
      "minecraft:river": "2024-09-07 00:47:29 +0000",
      "minecraft:desert": "2024-09-07 00:45:05 +0000",
      "minecraft:savanna": "2024-09-07 00:48:36 +0000"
    },
    "done": false
  },
  "placeablesmod:placeables": {
    "criteria": {
      "placeables": "2024-09-07 00:45:04 +0000"
    },
    "done": true
  },
  "mowziesmobs:kill_umvuthi": {
    "criteria": {
      "barako": "2024-09-07 00:56:36 +0000"
    },
    "done": true
  },
  "explorerscompass:explorers_compass_cobweb": {
    "criteria": {
      "has_recipe": "2024-09-07 00:45:04 +0000"
    },
    "done": true
  },
  "eeeabsmobs:eeeabsmobs/root": {
    "criteria": {
      "requirement": "2024-09-07 00:45:04 +0000"
    },
    "done": true
  },
  "alexscaves:alexscaves/cave_tablet": {
    "criteria": {
      "cave_tablet": "2024-09-07 00:50:07 +0000"
    },
    "done": true
  },
  "minecraft:husbandry/balanced_diet": {
    "criteria": {
      "golden_apple": "2024-09-07 00:48:30 +0000"
    },
    "done": false
  },
  "incendium:technical/using/shield": {
    "criteria": {
      "log_spam_fixer": "2024-09-07 00:45:05 +0000"
    },
    "done": false
  },
  "tombstone:adventure/create_magic_scroll": {
    "criteria": {
      "has_magic_scroll": "2024-09-07 00:52:07 +0000"
    },
    "done": true
  },
  "minecraft:husbandry/root": {
    "criteria": {
      "consumed_item": "2024-09-07 00:48:30 +0000"
    },
    "done": true
  },
  "betterdeserttemples:root": {
    "criteria": {
      "always": "2024-09-07 00:45:04 +0000"
    },
    "done": true
  },
  "tombstone:adventure/first_knowledge": {
    "criteria": {
      "coded_trigger": "2024-09-07 00:52:14 +0000"
    },
    "done": true
  },
  "tombstone:adventure/root": {
    "criteria": {
      "auto": "2024-09-07 00:45:05 +0000"
    },
    "done": true
  },
  "cataclysm:root": {
    "criteria": {
      "custom_test_name": "2024-09-07 00:45:04 +0000"
    },
    "done": true
  },
  "incendium:technical/new_player": {
    "criteria": {
      "requirement": "2024-09-07 00:45:04 +0000"
    },
    "done": true
  },
  "explorerscompass:explorers_compass": {
    "criteria": {
      "has_recipe": "2024-09-07 00:45:04 +0000"
    },
    "done": true
  },
  "tombstone:adventure/use_feather_fall": {
    "criteria": {
      "has_magic_scroll": "2024-09-07 00:52:14 +0000"
    },
    "done": true
  },
  "DataVersion": 3465
}